basic_date,close_value
01/04/2000,203500
01/05/2000,175000
01/06/2000,176000
01/07/2000,172500
01/10/2000,178000
01/11/2000,181000
01/12/2000,175500
01/13/2000,178500
01/14/2000,180000
01/17/2000,188500
01/18/2000,186500
01/19/2000,179500
01/20/2000,180000
01/21/2000,176000
01/24/2000,169500
01/25/2000,155500
01/26/2000,162000
01/27/2000,161500
01/28/2000,170000
01/31/2000,165000
02/01/2000,156500
02/02/2000,156000
02/03/2000,156000
02/07/2000,157500
02/08/2000,163000
02/09/2000,168500
02/10/2000,163000
02/11/2000,158000
02/14/2000,144000
02/15/2000,135000
02/16/2000,130000
02/17/2000,135000
02/18/2000,138000
02/21/2000,129500
02/22/2000,130500
02/23/2000,132000
02/24/2000,126000
02/25/2000,120000
02/28/2000,102000
02/29/2000,103000
03/02/2000,118000
03/03/2000,135500
03/06/2000,143500
03/07/2000,139000
03/08/2000,146000
03/09/2000,146500
03/10/2000,142000
03/13/2000,127000
03/14/2000,127000
03/15/2000,130000
03/16/2000,129500
03/17/2000,130000
03/20/2000,137000
03/21/2000,148500
03/22/2000,168000
03/23/2000,170000
03/24/2000,195000
03/27/2000,192500
03/28/2000,197000
03/29/2000,199000
03/30/2000,179000
03/31/2000,170000
04/03/2000,179500
04/04/2000,166000
04/06/2000,163500
04/07/2000,175000
04/10/2000,175000
04/11/2000,171000
04/12/2000,170000
04/14/2000,158500
04/17/2000,135000
04/18/2000,147500
04/19/2000,148500
04/20/2000,149500
04/21/2000,152500
04/24/2000,149000
04/25/2000,142000
04/26/2000,139000
04/27/2000,139000
04/28/2000,149000
05/02/2000,153500
05/03/2000,151000
05/04/2000,151000
05/08/2000,158500
05/09/2000,157000
05/10/2000,157500
05/12/2000,153000
05/15/2000,160500
05/16/2000,168000
05/17/2000,165000
05/18/2000,160000
05/19/2000,160000
05/22/2000,145500
05/23/2000,136000
05/24/2000,126500
05/25/2000,127000
05/26/2000,119500
05/29/2000,116500
05/30/2000,132000
05/31/2000,141000
06/01/2000,140000
06/02/2000,145000
06/05/2000,148500
06/07/2000,148500
06/08/2000,142500
06/09/2000,160000
06/12/2000,163000
06/13/2000,158000
06/14/2000,170000
06/15/2000,154000
06/16/2000,152000
06/19/2000,150000
06/20/2000,163500
06/21/2000,160500
06/22/2000,160000
06/23/2000,160000
06/26/2000,165000
06/27/2000,167000
06/28/2000,169500
06/29/2000,166000
06/30/2000,163500
07/03/2000,164000
07/04/2000,159000
07/05/2000,162000
07/06/2000,157500
07/07/2000,154500
07/10/2000,154500
07/11/2000,150500
07/12/2000,156500
07/13/2000,168500
07/14/2000,169500
07/18/2000,166000
07/19/2000,158500
07/20/2000,149000
07/21/2000,151500
07/24/2000,137000
07/25/2000,136000
07/26/2000,143000
07/27/2000,137000
07/28/2000,126000
07/31/2000,130000
08/01/2000,137000
08/02/2000,137000
08/03/2000,138000
08/04/2000,134000
08/07/2000,125000
08/08/2000,124000
08/09/2000,132500
08/10/2000,135000
08/11/2000,132500
08/14/2000,134500
08/16/2000,145000
08/17/2000,142000
08/18/2000,139000
08/21/2000,139000
08/22/2000,142500
08/23/2000,139000
08/24/2000,139000
08/25/2000,139000
08/28/2000,139000
08/29/2000,139000
08/30/2000,136500
08/31/2000,128000
09/01/2000,128000
09/04/2000,123500
09/05/2000,120000
09/06/2000,123000
09/07/2000,113500
09/08/2000,114000
09/14/2000,116500
09/15/2000,101000
09/18/2000,92000
09/19/2000,94000
09/20/2000,102500
09/21/2000,99000
09/22/2000,85000
09/25/2000,91200
09/26/2000,88900
09/27/2000,91500
09/28/2000,92300
09/29/2000,91600
10/02/2000,87000
10/04/2000,90500
10/05/2000,90500
10/06/2000,89400
10/09/2000,87400
10/10/2000,85800
10/11/2000,76400
10/12/2000,74300
10/13/2000,69800
10/16/2000,73500
10/17/2000,62500
10/18/2000,61000
10/19/2000,63600
10/20/2000,73100
10/23/2000,68200
10/24/2000,68300
10/25/2000,66000
10/26/2000,60000
10/27/2000,60000
10/30/2000,56000
10/31/2000,58300
11/01/2000,67000
11/02/2000,73000
11/03/2000,75000
11/06/2000,77800
11/07/2000,75600
11/08/2000,75000
11/09/2000,75400
11/10/2000,75400
11/13/2000,72000
11/14/2000,74500
11/15/2000,76000
11/16/2000,74000
11/17/2000,73500
11/20/2000,71800
11/21/2000,73000
11/22/2000,73100
11/23/2000,74600
11/24/2000,78600
11/27/2000,85000
11/28/2000,79000
11/29/2000,73500
11/30/2000,73200
12/01/2000,72600
12/04/2000,71000
12/05/2000,73900
12/06/2000,73900
12/07/2000,74200
12/08/2000,75400
12/11/2000,77700
12/12/2000,76500
12/13/2000,79800
12/14/2000,77500
12/15/2000,76500
12/18/2000,78800
12/19/2000,77000
12/20/2000,75000
12/21/2000,72700
12/22/2000,67200
12/26/2000,69000
01/02/2001,69900
01/03/2001,69900
01/04/2001,75900
01/05/2001,79000
01/08/2001,81400
01/09/2001,79200
01/10/2001,74500
01/11/2001,76500
01/12/2001,80800
01/15/2001,84300
01/16/2001,88500
01/17/2001,87000
01/18/2001,91400
01/19/2001,95300
01/22/2001,96300
01/26/2001,87900
01/29/2001,89600
01/30/2001,91900
01/31/2001,95000
02/01/2001,94000
02/02/2001,93000
02/05/2001,89000
02/06/2001,87000
02/07/2001,84500
02/08/2001,85900
02/09/2001,86500
02/12/2001,84600
02/13/2001,83400
02/14/2001,83000
02/15/2001,86000
02/16/2001,87500
02/19/2001,86000
02/20/2001,87000
02/21/2001,85000
02/22/2001,81500
02/23/2001,80000
02/26/2001,79900
02/27/2001,78900
02/28/2001,78900
03/02/2001,80000
03/05/2001,82000
03/06/2001,85000
03/07/2001,86500
03/08/2001,87000
03/09/2001,84300
03/12/2001,79800
03/13/2001,79800
03/14/2001,83500
03/15/2001,83500
03/16/2001,84100
03/19/2001,82500
03/20/2001,82000
03/21/2001,82200
03/22/2001,84000
03/23/2001,89400
03/26/2001,90200
03/27/2001,87400
03/28/2001,87400
03/29/2001,85700
03/30/2001,85500
04/02/2001,83500
04/03/2001,80900
04/04/2001,79500
04/06/2001,83000
04/09/2001,80800
04/10/2001,77700
04/11/2001,80400
04/12/2001,84500
04/13/2001,84000
04/16/2001,82300
04/17/2001,83200
04/18/2001,87500
04/19/2001,94200
04/20/2001,90000
04/23/2001,90800
04/24/2001,89000
04/25/2001,90900
04/26/2001,92000
04/27/2001,91600
04/30/2001,98000
05/02/2001,99900
05/03/2001,98900
05/04/2001,98200
05/07/2001,100000
05/08/2001,98000
05/09/2001,96200
05/10/2001,97200
05/11/2001,96000
05/14/2001,96400
05/15/2001,96000
05/16/2001,94000
05/17/2001,96000
05/18/2001,95500
05/21/2001,102000
05/22/2001,102000
05/23/2001,103500
05/24/2001,100000
05/25/2001,98600
05/28/2001,96800
05/29/2001,99000
05/30/2001,95900
05/31/2001,90500
06/01/2001,90000
06/04/2001,89000
06/05/2001,87100
06/07/2001,90200
06/08/2001,94800
06/11/2001,90800
06/12/2001,90800
06/13/2001,92400
06/14/2001,92500
06/15/2001,90700
06/18/2001,87500
06/19/2001,87200
06/20/2001,84800
06/21/2001,83400
06/22/2001,81900
06/25/2001,81900
06/26/2001,80000
06/27/2001,78400
06/28/2001,78500
06/29/2001,80500
07/02/2001,81200
07/03/2001,81700
07/04/2001,83000
07/05/2001,82000
07/06/2001,79900
07/09/2001,75200
07/10/2001,74000
07/11/2001,71400
07/12/2001,74900
07/13/2001,71800
07/16/2001,70000
07/18/2001,70100
07/19/2001,72100
07/20/2001,73500
07/23/2001,72100
07/24/2001,74500
07/25/2001,75000
07/26/2001,77000
07/27/2001,78300
07/30/2001,77000
07/31/2001,77900
08/01/2001,81000
08/02/2001,81800
08/03/2001,82400
08/06/2001,82100
08/07/2001,80200
08/08/2001,78800
08/09/2001,75900
08/10/2001,77800
08/13/2001,78000
08/14/2001,81100
08/17/2001,80800
08/20/2001,79000
08/21/2001,78500
08/22/2001,79700
08/23/2001,79700
08/24/2001,79300
08/27/2001,81000
08/28/2001,80700
08/29/2001,80600
08/30/2001,81000
08/31/2001,80000
09/03/2001,79000
09/04/2001,81800
09/05/2001,79000
09/06/2001,79400
09/07/2001,78200
09/10/2001,78200
09/17/2001,63300
09/18/2001,66000
09/19/2001,64700
09/20/2001,62000
09/21/2001,60000
09/24/2001,61000
09/25/2001,58400
09/26/2001,58400
09/27/2001,58800
09/28/2001,58900
10/04/2001,60100
10/05/2001,59800
10/08/2001,58900
10/09/2001,62000
10/10/2001,60700
10/11/2001,63900
10/12/2001,66500
10/15/2001,65500
10/16/2001,66000
10/17/2001,67800
10/18/2001,66500
10/19/2001,69000
10/22/2001,69700
10/23/2001,71200
10/24/2001,76300
10/25/2001,75500
10/26/2001,74900
10/29/2001,74900
10/30/2001,71500
10/31/2001,73700
11/01/2001,75700
11/02/2001,76500
11/05/2001,77500
11/06/2001,77500
11/07/2001,77700
11/08/2001,78900
11/09/2001,82000
11/12/2001,83000
11/13/2001,82000
11/14/2001,86400
11/15/2001,86900
11/16/2001,87000
11/19/2001,89000
11/20/2001,88500
11/21/2001,88000
11/22/2001,90200
11/23/2001,94900
11/26/2001,97200
11/27/2001,95500
11/28/2001,90800
11/29/2001,91800
11/30/2001,91900
12/03/2001,94500
12/05/2001,110000
12/06/2001,112000
12/07/2001,120000
12/10/2001,111000
12/11/2001,110500
12/12/2001,111500
12/13/2001,114000
12/14/2001,109500
12/17/2001,107500
12/18/2001,110000
12/19/2001,109000
12/20/2001,111000
12/21/2001,106500
12/24/2001,104500
12/26/2001,106500
12/27/2001,109000
12/28/2001,113500
01/02/2002,128000
01/03/2002,125500
01/04/2002,127500
01/07/2002,127000
01/08/2002,125000
01/09/2002,132000
01/10/2002,130500
01/11/2002,127500
01/14/2002,136000
01/15/2002,127500
01/16/2002,123500
01/17/2002,123000
01/18/2002,120500
01/21/2002,119000
01/22/2002,120000
01/23/2002,123500
01/24/2002,123500
01/25/2002,128000
01/28/2002,126000
01/29/2002,125000
01/30/2002,122000
01/31/2002,121000
02/01/2002,122000
02/04/2002,121000
02/05/2002,125000
02/06/2002,123500
02/08/2002,128000
02/14/2002,147000
02/15/2002,149000
02/18/2002,160000
02/19/2002,154500
02/20/2002,167000
02/21/2002,152500
02/22/2002,144500
02/25/2002,142000
02/26/2002,146000
02/27/2002,155000
02/28/2002,152500
03/04/2002,159000
03/05/2002,162000
03/06/2002,165000
03/07/2002,162000
03/08/2002,163000
03/11/2002,163500
03/12/2002,162000
03/13/2002,160000
03/14/2002,156000
03/15/2002,153000
03/18/2002,160000
03/19/2002,165500
03/20/2002,163000
03/21/2002,162000
03/22/2002,170000
03/25/2002,166000
03/26/2002,169000
03/27/2002,183000
03/28/2002,180000
03/29/2002,196000
04/01/2002,215000
04/02/2002,224000
04/03/2002,220000
04/04/2002,208000
04/08/2002,201000
04/09/2002,196500
04/10/2002,189000
04/11/2002,200000
04/12/2002,201000
04/15/2002,214500
04/16/2002,214500
04/17/2002,224000
04/18/2002,218000
04/19/2002,205500
04/22/2002,208500
04/23/2002,220000
04/24/2002,223000
04/25/2002,208000
04/26/2002,204500
04/29/2002,192000
04/30/2002,194000
05/02/2002,194500
05/03/2002,191500
05/06/2002,173500
05/07/2002,180000
05/08/2002,182500
05/09/2002,188500
05/10/2002,174500
05/13/2002,172500
05/14/2002,182500
05/15/2002,187000
05/16/2002,186500
05/17/2002,191000
05/20/2002,185000
05/21/2002,177000
05/22/2002,184500
05/23/2002,180000
05/24/2002,185000
05/27/2002,181000
05/28/2002,184500
05/29/2002,185000
05/30/2002,178500
05/31/2002,171500
06/03/2002,176500
06/10/2002,180000
06/17/2002,184000
06/24/2002,167500
07/01/2002,177500
07/08/2002,178000
07/15/2002,174000
07/22/2002,155000
07/29/2002,144500
08/05/2002,146000
08/12/2002,156500
08/19/2002,164000
08/26/2002,162000
09/02/2002,171000
09/09/2002,161500
09/16/2002,164000
09/23/2002,161000
09/30/2002,147000
10/07/2002,143500
10/14/2002,141000
10/21/2002,155500
10/28/2002,173000
11/04/2002,170500
11/11/2002,164000
11/18/2002,165500
11/25/2002,179000
12/02/2002,188500
12/09/2002,181500
12/16/2002,170500
12/23/2002,169000
12/30/2002,150000
01/02/2003,154000
01/03/2003,165000
01/06/2003,169500
01/07/2003,165500
01/08/2003,163000
01/09/2003,157500
01/10/2003,158000
01/13/2003,164000
01/14/2003,161000
01/15/2003,157000
01/16/2003,158000
01/17/2003,153000
01/20/2003,152000
01/21/2003,151500
01/22/2003,146500
01/23/2003,148500
01/24/2003,142000
01/27/2003,142500
01/28/2003,146500
01/29/2003,140000
01/30/2003,140000
02/03/2003,140000
02/04/2003,140000
02/05/2003,139500
02/06/2003,134000
02/07/2003,128000
02/10/2003,127500
02/11/2003,127500
02/12/2003,131500
02/13/2003,128000
02/14/2003,129000
02/17/2003,138000
02/18/2003,140000
02/19/2003,140500
02/20/2003,144000
02/21/2003,145500
02/24/2003,147500
02/25/2003,139000
02/26/2003,138000
02/27/2003,138000
02/28/2003,134000
03/03/2003,141000
03/04/2003,137000
03/05/2003,132000
03/06/2003,130000
03/07/2003,134000
03/10/2003,139000
03/11/2003,139500
03/12/2003,141000
03/13/2003,138500
03/14/2003,142000
03/17/2003,138000
03/18/2003,143000
03/19/2003,144500
03/20/2003,151000
03/21/2003,152000
03/24/2003,150000
03/25/2003,147000
03/26/2003,147000
03/27/2003,144500
03/28/2003,147000
03/31/2003,138000
04/01/2003,138000
04/02/2003,136000
04/03/2003,136000
04/04/2003,140000
04/07/2003,148500
04/08/2003,146500
04/09/2003,141000
04/10/2003,141500
04/11/2003,140000
04/14/2003,142000
04/15/2003,145000
04/16/2003,149500
04/17/2003,147000
04/18/2003,152000
04/21/2003,149500
04/22/2003,145000
04/23/2003,146500
04/24/2003,145000
04/25/2003,141000
04/28/2003,141500
04/29/2003,147000
04/30/2003,149000
05/02/2003,149500
05/06/2003,150500
05/07/2003,153500
05/09/2003,152500
05/12/2003,160000
05/13/2003,154000
05/14/2003,151500
05/15/2003,156000
05/16/2003,153000
05/19/2003,151000
05/20/2003,152500
05/21/2003,152000
05/22/2003,151000
05/23/2003,154500
05/26/2003,154000
05/27/2003,153000
05/28/2003,158000
05/29/2003,161000
05/30/2003,159500
06/02/2003,164000
06/03/2003,160000
06/04/2003,162500
06/05/2003,165000
06/09/2003,170500
06/10/2003,169500
06/11/2003,171000
06/12/2003,172000
06/13/2003,173000
06/16/2003,169000
06/17/2003,174000
06/18/2003,173500
06/19/2003,179500
06/20/2003,178500
06/23/2003,172000
06/24/2003,167500
06/25/2003,170500
06/26/2003,171500
06/27/2003,170000
06/30/2003,170500
07/01/2003,173000
07/02/2003,178000
07/03/2003,180500
07/04/2003,183000
07/07/2003,185000
07/08/2003,190000
07/09/2003,191000
07/10/2003,191000
07/11/2003,191000
07/14/2003,204500
07/15/2003,200000
07/16/2003,205000
07/18/2003,197000
07/21/2003,196500
07/22/2003,200000
07/23/2003,194500
07/24/2003,194000
07/25/2003,195500
07/28/2003,199500
07/29/2003,202000
07/30/2003,200000
07/31/2003,198500
08/01/2003,207500
08/04/2003,205500
08/05/2003,210500
08/06/2003,203500
08/07/2003,202000
08/08/2003,200000
08/11/2003,200000
08/12/2003,198000
08/13/2003,204000
08/14/2003,208000
08/18/2003,207500
08/19/2003,213000
08/20/2003,216000
08/21/2003,221000
08/22/2003,222500
08/25/2003,223000
08/26/2003,223000
08/27/2003,220000
08/28/2003,215000
08/29/2003,213000
09/01/2003,213000
09/02/2003,214500
09/03/2003,215000
09/04/2003,216500
09/05/2003,217500
09/08/2003,219500
09/09/2003,226500
09/15/2003,213500
09/16/2003,219000
09/17/2003,218500
09/18/2003,214000
09/19/2003,208500
09/22/2003,196500
09/23/2003,193000
09/24/2003,196500
09/25/2003,192500
09/26/2003,185000
09/29/2003,186500
09/30/2003,192000
10/01/2003,195500
10/02/2003,199500
10/06/2003,207500
10/07/2003,208500
10/08/2003,207500
10/09/2003,209000
10/10/2003,217000
10/13/2003,217000
10/14/2003,221500
10/15/2003,222000
10/16/2003,227000
10/17/2003,224000
10/20/2003,226000
10/21/2003,229000
10/22/2003,234500
10/23/2003,224000
10/24/2003,220000
10/27/2003,225000
10/28/2003,232000
10/29/2003,234000
10/30/2003,237000
10/31/2003,235000
11/03/2003,237000
11/04/2003,240000
11/05/2003,238000
11/06/2003,230500
11/07/2003,235000
11/10/2003,233000
11/11/2003,233000
11/12/2003,237000
11/13/2003,244500
11/14/2003,248000
11/17/2003,241500
11/18/2003,244000
11/19/2003,238500
11/20/2003,236000
11/21/2003,243000
11/24/2003,235500
11/25/2003,238500
11/26/2003,239000
11/27/2003,237000
11/28/2003,245000
12/01/2003,247000
12/02/2003,244500
12/03/2003,246000
12/04/2003,243000
12/05/2003,242500
12/08/2003,246500
12/09/2003,244500
12/10/2003,246000
12/11/2003,248000
12/12/2003,251000
12/15/2003,256000
12/16/2003,254000
12/17/2003,248500
12/18/2003,248500
12/19/2003,251500
12/22/2003,251500
12/23/2003,249000
12/24/2003,246500
12/26/2003,240500
12/29/2003,238000
12/30/2003,245500
01/02/2004,244500
01/05/2004,250000
01/06/2004,258000
01/07/2004,265000
01/08/2004,271500
01/09/2004,294000
01/12/2004,298500
01/13/2004,291000
01/14/2004,283000
01/15/2004,282000
01/16/2004,284500
01/19/2004,293000
01/20/2004,300500
01/26/2004,317000
01/27/2004,320500
01/28/2004,359000
01/29/2004,332000
01/30/2004,325000
02/02/2004,321000
02/03/2004,310000
02/04/2004,313500
02/05/2004,324000
02/06/2004,344000
02/09/2004,343500
02/10/2004,338500
02/11/2004,334000
02/12/2004,330000
02/13/2004,334500
02/16/2004,322500
02/17/2004,315500
02/18/2004,315000
02/19/2004,319000
02/20/2004,322000
02/23/2004,326000
02/24/2004,318000
02/25/2004,313000
02/26/2004,312500
02/27/2004,326000
03/02/2004,329500
03/03/2004,325000
03/04/2004,328000
03/05/2004,325000
03/08/2004,315500
03/09/2004,311500
03/10/2004,309000
03/11/2004,315000
03/12/2004,305500
03/15/2004,303500
03/16/2004,299000
03/17/2004,311000
03/18/2004,310000
03/19/2004,317000
03/22/2004,312500
03/23/2004,313500
03/24/2004,313500
03/25/2004,307000
03/26/2004,316500
03/29/2004,324000
03/30/2004,330000
03/31/2004,336500
04/01/2004,339000
04/02/2004,333000
04/06/2004,345000
04/07/2004,349000
04/08/2004,348000
04/09/2004,346000
04/12/2004,364500
04/13/2004,374000
04/14/2004,374000
04/16/2004,360000
04/19/2004,360000
04/20/2004,365000
04/21/2004,367000
04/22/2004,361000
04/23/2004,375500
04/26/2004,372000
04/27/2004,367000
04/28/2004,353000
04/29/2004,332500
04/30/2004,324000
05/03/2004,324000
05/04/2004,335000
05/06/2004,323500
05/07/2004,330000
05/10/2004,320000
05/11/2004,311000
05/12/2004,330000
05/13/2004,319000
05/14/2004,306500
05/17/2004,280000
05/18/2004,292000
05/19/2004,312000
05/20/2004,311500
05/21/2004,314500
05/24/2004,318000
05/25/2004,306000
05/27/2004,312500
05/28/2004,318500
05/31/2004,312500
06/01/2004,317500
06/02/2004,314500
06/03/2004,302000
06/04/2004,301500
06/07/2004,310000
06/08/2004,312000
06/09/2004,307000
06/10/2004,301000
06/11/2004,280000
06/14/2004,275000
06/15/2004,282500
06/16/2004,286000
06/17/2004,290000
06/18/2004,285000
06/21/2004,288000
06/22/2004,284500
06/23/2004,288500
06/24/2004,300000
06/25/2004,305000
06/28/2004,297000
06/29/2004,298000
06/30/2004,303000
07/01/2004,298000
07/02/2004,286500
07/05/2004,287000
07/06/2004,287000
07/07/2004,283500
07/08/2004,274000
07/09/2004,282000
07/12/2004,285000
07/13/2004,290000
07/14/2004,280500
07/15/2004,277500
07/16/2004,285000
07/19/2004,290000
07/20/2004,288500
07/21/2004,293000
07/22/2004,285000
07/23/2004,283500
07/26/2004,284000
07/27/2004,285000
07/28/2004,288500
07/29/2004,284000
07/30/2004,288000
08/02/2004,285000
08/03/2004,290000
08/04/2004,286000
08/05/2004,295000
08/06/2004,292000
08/09/2004,290000
08/10/2004,293000
08/11/2004,289000
08/12/2004,289000
08/13/2004,289500
08/16/2004,287500
08/17/2004,286000
08/18/2004,286500
08/19/2004,291000
08/20/2004,289500
08/23/2004,289500
08/24/2004,294000
08/25/2004,298500
08/26/2004,301000
08/27/2004,301500
08/30/2004,299000
08/31/2004,297000
09/01/2004,301000
09/02/2004,300500
09/03/2004,290500
09/06/2004,290000
09/07/2004,293000
09/08/2004,292500
09/09/2004,301000
09/10/2004,321000
09/13/2004,334000
09/14/2004,313500
09/15/2004,306000
09/16/2004,309000
09/17/2004,314000
09/20/2004,313000
09/21/2004,314000
09/22/2004,308500
09/23/2004,303000
09/24/2004,302500
09/30/2004,301500
10/01/2004,303000
10/04/2004,315000
10/05/2004,315500
10/06/2004,317500
10/07/2004,316000
10/08/2004,311000
10/11/2004,301500
10/12/2004,292500
10/13/2004,294000
10/14/2004,298000
10/15/2004,296500
10/18/2004,291500
10/19/2004,294000
10/20/2004,291000
10/21/2004,292000
10/22/2004,297000
10/25/2004,296000
10/26/2004,292000
10/27/2004,290500
10/28/2004,295500
10/29/2004,300000
11/02/2004,300000
11/03/2004,308500
11/04/2004,306500
11/05/2004,307500
11/08/2004,306000
11/09/2004,303000
11/10/2004,304000
11/11/2004,306000
11/12/2004,313500
11/15/2004,310500
11/16/2004,304500
11/17/2004,301500
11/18/2004,309000
11/19/2004,304000
11/22/2004,297000
11/23/2004,293000
11/24/2004,293000
11/25/2004,293500
11/26/2004,291000
11/29/2004,288000
11/30/2004,292500
12/01/2004,291500
12/02/2004,290000
12/03/2004,293000
12/06/2004,292000
12/07/2004,282000
12/08/2004,282500
12/09/2004,277500
12/10/2004,267000
12/13/2004,266000
12/14/2004,271500
12/15/2004,285500
12/16/2004,288500
12/17/2004,288500
12/20/2004,289500
12/21/2004,292500
12/22/2004,292500
12/24/2004,288000
12/27/2004,288000
12/28/2004,290000
12/29/2004,292000
12/30/2004,298500
01/03/2005,299000
01/04/2005,299500
01/05/2005,292500
01/06/2005,288000
01/07/2005,290000
01/10/2005,293000
01/11/2005,291500
01/12/2005,294500
01/13/2005,299500
01/14/2005,321000
01/17/2005,326500
01/18/2005,323000
01/19/2005,317000
01/20/2005,316000
01/21/2005,316000
01/24/2005,317000
01/25/2005,317000
01/26/2005,318500
01/27/2005,318000
01/28/2005,317000
01/31/2005,320000
02/02/2005,321000
02/03/2005,325000
02/07/2005,333000
02/11/2005,336500
02/14/2005,341500
02/15/2005,340000
02/16/2005,338000
02/17/2005,334500
02/18/2005,340000
02/21/2005,340500
02/22/2005,340000
02/23/2005,334000
02/24/2005,340000
02/25/2005,342000
02/28/2005,350000
03/02/2005,342500
03/04/2005,338500
03/07/2005,333000
03/09/2005,333500
03/10/2005,340000
03/11/2005,342000
03/14/2005,334000
03/15/2005,330500
03/16/2005,329500
03/17/2005,328000
03/18/2005,325000
03/21/2005,325500
03/22/2005,329000
03/23/2005,332000
03/24/2005,335500
03/25/2005,336000
03/28/2005,341000
03/29/2005,335000
03/30/2005,332000
03/31/2005,333500
04/01/2005,340500
04/04/2005,343500
04/06/2005,346500
04/07/2005,346500
04/08/2005,354000
04/11/2005,350000
04/12/2005,348000
04/13/2005,347500
04/14/2005,339000
04/15/2005,328000
04/18/2005,309000
04/19/2005,308000
04/20/2005,308000
04/21/2005,306000
04/22/2005,308000
04/25/2005,310500
04/26/2005,308500
04/27/2005,307000
04/28/2005,303500
04/29/2005,298000
05/02/2005,298000
05/03/2005,296000
05/04/2005,302000
05/06/2005,310500
05/09/2005,309500
05/10/2005,310000
05/11/2005,309500
05/12/2005,310000
05/13/2005,312000
05/16/2005,322000
05/17/2005,325000
05/18/2005,326000
05/19/2005,327500
05/20/2005,326500
05/23/2005,327500
05/24/2005,326500
05/25/2005,320000
05/26/2005,315500
05/27/2005,320000
05/30/2005,323000
05/31/2005,321500
06/01/2005,322000
06/02/2005,324000
06/03/2005,324500
06/07/2005,321000
06/08/2005,316500
06/09/2005,320000
06/10/2005,337000
06/13/2005,338000
06/14/2005,334500
06/15/2005,336500
06/16/2005,337000
06/17/2005,330500
06/21/2005,330000
06/22/2005,336500
06/23/2005,338500
06/24/2005,338000
06/27/2005,329500
06/28/2005,330500
06/29/2005,336000
06/30/2005,339500
07/04/2005,340500
07/05/2005,342000
07/06/2005,343000
07/08/2005,351000
07/12/2005,365500
07/13/2005,372000
07/14/2005,370000
07/15/2005,365000
07/18/2005,367500
07/19/2005,377000
07/20/2005,377500
07/21/2005,383000
07/22/2005,384000
07/25/2005,381000
07/26/2005,376000
07/27/2005,380000
07/28/2005,382500
07/29/2005,386000
08/01/2005,386000
08/02/2005,386000
08/03/2005,390000
08/04/2005,390000
08/05/2005,386000
08/08/2005,383000
08/09/2005,382500
08/10/2005,385500
08/11/2005,395500
08/12/2005,401000
08/16/2005,394500
08/17/2005,390000
08/18/2005,378000
08/19/2005,380000
08/22/2005,387500
08/23/2005,393500
08/24/2005,388500
08/25/2005,389000
08/26/2005,385500
08/29/2005,375000
08/30/2005,370000
08/31/2005,371000
09/01/2005,379500
09/02/2005,381500
09/05/2005,380000
09/06/2005,390000
09/07/2005,400000
09/08/2005,403000
09/09/2005,401500
09/12/2005,405000
09/13/2005,420000
09/14/2005,429000
09/15/2005,429000
09/16/2005,420500
09/20/2005,430000
09/21/2005,440000
09/22/2005,431000
09/23/2005,420000
09/26/2005,429500
09/27/2005,433000
09/28/2005,450000
09/29/2005,453000
09/30/2005,454000
10/04/2005,458000
10/05/2005,461500
10/06/2005,449000
10/07/2005,445000
10/10/2005,448000
10/11/2005,449000
10/12/2005,435000
10/13/2005,425000
10/14/2005,423500
10/17/2005,417500
10/18/2005,424000
10/19/2005,412500
10/20/2005,413000
10/21/2005,420000
10/24/2005,424500
10/26/2005,425000
10/27/2005,428000
10/28/2005,418500
10/31/2005,425000
11/01/2005,425000
11/02/2005,431000
11/03/2005,440000
11/04/2005,446500
11/07/2005,451000
11/08/2005,456000
11/09/2005,452500
11/10/2005,453500
11/11/2005,463000
11/14/2005,467500
11/15/2005,462000
11/16/2005,466000
11/17/2005,463500
11/18/2005,470500
11/21/2005,470000
11/22/2005,445000
11/23/2005,456000
11/24/2005,452000
11/25/2005,444000
11/28/2005,447000
11/29/2005,443500
11/30/2005,451000
12/02/2005,465000
12/05/2005,470500
12/06/2005,472000
12/07/2005,476500
12/08/2005,477000
12/09/2005,469000
12/12/2005,470000
12/14/2005,465000
12/15/2005,461500
12/16/2005,457000
12/19/2005,471000
12/20/2005,470000
12/21/2005,477000
12/22/2005,481500
12/23/2005,487500
12/26/2005,491500
12/27/2005,493000
12/28/2005,488000
12/29/2005,491000
01/02/2006,491000
01/03/2006,493500
01/04/2006,508000
01/05/2006,500000
01/06/2006,505000
01/09/2006,507000
01/10/2006,515000
01/11/2006,511000
01/12/2006,521000
01/13/2006,522000
01/16/2006,538000
01/17/2006,535000
01/18/2006,515000
01/19/2006,522000
01/20/2006,524000
01/23/2006,510000
01/24/2006,515000
01/25/2006,536000
01/26/2006,539000
01/31/2006,566000
02/01/2006,560000
02/02/2006,547000
02/03/2006,525000
02/06/2006,526000
02/07/2006,523000
02/08/2006,511000
02/09/2006,518000
02/10/2006,514000
02/13/2006,516000
02/14/2006,515000
02/15/2006,497000
02/16/2006,504000
02/17/2006,532000
02/20/2006,540000
02/21/2006,533000
02/22/2006,532000
02/23/2006,539000
02/24/2006,530000
02/27/2006,525000
02/28/2006,520000
03/02/2006,522000
03/03/2006,510000
03/06/2006,512000
03/07/2006,498000
03/08/2006,495000
03/09/2006,490000
03/10/2006,493000
03/13/2006,497000
03/14/2006,498000
03/15/2006,493000
03/16/2006,506000
03/17/2006,508000
03/20/2006,503000
03/21/2006,497000
03/22/2006,481500
03/23/2006,484000
03/24/2006,482000
03/27/2006,485000
03/28/2006,481500
03/29/2006,482500
03/30/2006,488000
03/31/2006,497500
04/03/2006,510000
04/04/2006,532000
04/05/2006,525000
04/06/2006,525000
04/07/2006,519000
04/10/2006,507000
04/11/2006,503000
04/12/2006,499000
04/13/2006,498500
04/14/2006,520000
04/17/2006,520000
04/18/2006,517000
04/19/2006,524000
04/20/2006,523000
04/21/2006,540000
04/24/2006,534000
04/25/2006,530000
04/26/2006,528000
04/27/2006,519000
04/28/2006,511000
05/02/2006,545000
05/03/2006,520000
05/04/2006,525000
05/08/2006,528000
05/09/2006,531000
05/10/2006,529000
05/11/2006,530000
05/12/2006,528000
05/15/2006,525000
05/16/2006,516000
05/17/2006,523000
05/18/2006,511000
05/19/2006,504000
05/22/2006,495000
05/23/2006,493500
05/24/2006,493000
05/25/2006,471500
05/26/2006,467000
05/29/2006,467000
05/30/2006,465000
06/01/2006,456500
06/02/2006,457500
06/05/2006,459500
06/07/2006,444000
06/08/2006,422000
06/09/2006,423500
06/12/2006,422000
06/13/2006,412000
06/14/2006,412000
06/15/2006,411500
06/16/2006,431500
06/19/2006,440000
06/20/2006,429000
06/21/2006,429000
06/22/2006,434000
06/23/2006,445000
06/26/2006,450000
06/27/2006,454000
06/28/2006,449500
06/29/2006,449500
06/30/2006,463000
07/03/2006,467000
07/04/2006,466000
07/05/2006,461000
07/06/2006,460000
07/07/2006,460000
07/10/2006,463500
07/11/2006,459000
07/12/2006,458500
07/13/2006,441000
07/14/2006,427500
07/18/2006,424500
07/19/2006,421500
07/20/2006,442500
07/21/2006,441000
07/24/2006,443500
07/25/2006,451000
07/26/2006,453000
07/27/2006,452500
07/28/2006,447000
07/31/2006,454500
08/01/2006,451500
08/02/2006,459000
08/03/2006,462000
08/04/2006,462000
08/07/2006,456000
08/08/2006,460000
08/09/2006,461000
08/10/2006,465000
08/11/2006,456000
08/14/2006,453500
08/16/2006,468500
08/17/2006,484000
08/18/2006,496500
08/21/2006,492500
08/22/2006,496500
08/23/2006,489000
08/24/2006,485000
08/25/2006,490500
08/28/2006,496000
08/29/2006,503000
08/30/2006,500000
08/31/2006,500000
09/01/2006,503000
09/04/2006,500000
09/05/2006,500000
09/06/2006,497000
09/07/2006,497000
09/08/2006,492500
09/11/2006,483000
09/12/2006,483000
09/13/2006,489500
09/14/2006,494000
09/15/2006,494000
09/18/2006,507000
09/19/2006,504000
09/20/2006,501000
09/21/2006,499500
09/22/2006,493000
09/25/2006,488500
09/26/2006,489500
09/27/2006,496500
09/28/2006,498500
09/29/2006,497000
10/02/2006,500000
10/04/2006,495000
10/09/2006,488000
10/10/2006,486000
10/11/2006,485000
10/12/2006,482000
10/13/2006,484000
10/16/2006,484500
10/17/2006,485500
10/18/2006,479000
10/19/2006,473500
10/20/2006,467000
10/23/2006,472000
10/24/2006,466000
10/25/2006,465000
10/26/2006,468500
10/27/2006,464000
10/30/2006,454500
10/31/2006,457000
11/01/2006,459000
11/02/2006,460000
11/03/2006,454500
11/06/2006,449000
11/07/2006,454000
11/08/2006,462000
11/09/2006,469500
11/10/2006,470000
11/13/2006,479000
11/14/2006,486000
11/15/2006,491000
11/16/2006,494000
11/17/2006,489500
11/20/2006,495500
11/21/2006,500000
11/22/2006,501000
11/23/2006,499500
11/24/2006,498000
11/27/2006,497000
11/28/2006,492000
11/29/2006,495000
11/30/2006,499500
12/01/2006,500000
12/04/2006,500000
12/05/2006,500000
12/06/2006,499500
12/07/2006,495500
12/08/2006,486500
12/11/2006,484000
12/12/2006,490000
12/13/2006,492000
12/14/2006,494000
12/15/2006,487500
12/18/2006,488000
12/19/2006,485000
12/20/2006,490000
12/21/2006,485000
12/22/2006,480000
12/26/2006,490000
12/27/2006,480000
12/28/2006,480000
01/02/2007,487500
01/03/2007,479500
01/04/2007,479000
01/05/2007,476000
01/08/2007,471000
01/09/2007,466500
01/10/2007,452000
01/11/2007,448000
01/12/2007,459500
01/15/2007,466000
01/16/2007,466000
01/17/2007,463000
01/18/2007,455000
01/19/2007,449000
01/22/2007,455000
01/23/2007,456500
01/24/2007,460500
01/25/2007,464000
01/26/2007,455000
01/29/2007,445000
01/30/2007,438000
01/31/2007,442000
02/01/2007,444000
02/02/2007,464000
02/05/2007,456000
02/06/2007,449500
02/07/2007,445000
02/08/2007,440500
02/09/2007,439500
02/12/2007,428500
02/13/2007,420000
02/14/2007,424000
02/15/2007,432000
02/16/2007,454000
02/20/2007,470000
02/21/2007,471000
02/22/2007,468500
02/23/2007,460000
02/26/2007,452500
02/27/2007,445000
02/28/2007,435000
03/02/2007,445000
03/05/2007,433000
03/06/2007,439000
03/07/2007,436000
03/08/2007,438000
03/09/2007,441000
03/12/2007,458000
03/13/2007,457500
03/14/2007,448500
03/15/2007,447000
03/16/2007,446000
03/19/2007,442500
03/20/2007,448500
03/21/2007,442000
03/22/2007,441000
03/23/2007,438000
03/26/2007,440500
03/27/2007,439000
03/28/2007,443500
03/29/2007,453000
03/30/2007,442500
04/02/2007,450000
04/03/2007,457500
04/04/2007,478500
04/05/2007,478500
04/06/2007,469500
04/09/2007,462000
04/10/2007,463500
04/11/2007,478500
04/12/2007,471500
04/13/2007,463000
04/16/2007,461000
04/17/2007,460500
04/18/2007,452000
04/19/2007,440500
04/20/2007,441500
04/23/2007,441500
04/24/2007,437000
04/25/2007,432500
04/26/2007,444000
04/27/2007,442000
04/30/2007,440500
05/02/2007,440500
05/03/2007,439000
05/04/2007,436500
05/07/2007,443500
05/08/2007,443000
05/09/2007,440500
05/10/2007,436500
05/11/2007,435000
05/14/2007,435000
05/15/2007,435000
05/16/2007,439000
05/17/2007,441000
05/18/2007,438000
05/21/2007,429000
05/22/2007,450500
05/23/2007,447500
05/25/2007,440500
05/28/2007,435000
05/29/2007,423500
05/30/2007,409000
05/31/2007,420000
06/01/2007,435500
06/04/2007,445000
06/05/2007,443000
06/07/2007,435500
06/08/2007,435500
06/11/2007,447000
06/12/2007,448500
06/13/2007,448500
06/14/2007,462000
06/15/2007,459500
06/18/2007,465500
06/19/2007,458000
06/20/2007,457500
06/21/2007,458000
06/22/2007,460500
06/25/2007,461000
06/26/2007,454500
06/27/2007,444500
06/28/2007,437000
06/29/2007,432500
07/02/2007,428500
07/03/2007,431000
07/04/2007,431000
07/05/2007,441000
07/06/2007,468000
07/09/2007,500000
07/10/2007,491000
07/11/2007,491000
07/12/2007,498000
07/13/2007,525000
07/16/2007,506000
07/18/2007,495000
07/19/2007,488000
07/20/2007,500000
07/23/2007,500000
07/24/2007,499000
07/25/2007,495000
07/26/2007,478000
07/27/2007,461000
07/30/2007,464500
07/31/2007,460000
08/01/2007,445000
08/02/2007,441500
08/03/2007,448500
08/06/2007,435500
08/07/2007,442000
08/08/2007,451000
08/09/2007,459000
08/10/2007,443000
08/13/2007,449500
08/14/2007,451500
08/16/2007,416000
08/17/2007,413000
08/20/2007,425000
08/21/2007,440000
08/22/2007,440000
08/23/2007,444500
08/24/2007,444000
08/27/2007,440000
08/28/2007,439000
08/29/2007,422000
08/30/2007,431500
08/31/2007,439500
09/03/2007,430000
09/04/2007,433500
09/05/2007,432000
09/06/2007,432000
09/07/2007,429000
09/10/2007,424500
09/11/2007,431000
09/12/2007,425000
09/13/2007,433000
09/14/2007,424000
09/17/2007,418000
09/18/2007,415000
09/19/2007,420000
09/20/2007,418500
09/21/2007,407000
09/27/2007,420000
09/28/2007,426000
10/01/2007,427500
10/02/2007,431500
10/04/2007,419000
10/05/2007,420000
10/08/2007,417000
10/09/2007,409000
10/10/2007,414000
10/11/2007,419000
10/12/2007,423000
10/15/2007,419000
10/16/2007,406000
10/17/2007,410000
10/18/2007,405500
10/19/2007,408000
10/22/2007,401500
10/23/2007,405500
10/24/2007,405000
10/25/2007,410000
10/26/2007,421000
10/29/2007,423000
10/30/2007,423000
10/31/2007,425000
11/01/2007,428000
11/02/2007,423000
11/05/2007,425000
11/06/2007,428500
11/07/2007,446500
11/08/2007,436000
11/09/2007,428500
11/12/2007,418000
11/13/2007,410500
11/14/2007,415000
11/15/2007,423500
11/16/2007,413000
11/19/2007,405000
11/20/2007,400000
11/21/2007,393000
11/22/2007,406000
11/23/2007,420000
11/26/2007,421000
11/27/2007,408000
11/28/2007,408500
11/29/2007,421000
11/30/2007,406000
12/03/2007,405000
12/04/2007,419000
12/05/2007,426000
12/06/2007,457500
12/07/2007,451000
12/10/2007,452000
12/11/2007,453500
12/12/2007,443000
12/13/2007,442000
12/14/2007,430500
12/17/2007,435000
12/18/2007,428000
12/20/2007,425000
12/21/2007,418000
12/24/2007,431000
12/26/2007,431500
12/27/2007,430000
12/28/2007,428000
01/02/2008,415500
01/03/2008,413500
01/04/2008,411000
01/07/2008,400000
01/08/2008,393000
01/09/2008,396000
01/10/2008,387000
01/11/2008,384000
01/14/2008,393500
01/15/2008,400000
01/16/2008,403000
01/17/2008,422000
01/18/2008,417500
01/21/2008,412500
01/22/2008,402500
01/23/2008,396000
01/24/2008,400000
01/25/2008,409000
01/28/2008,387500
01/29/2008,400000
01/30/2008,405000
01/31/2008,430000
02/01/2008,422000
02/04/2008,446500
02/05/2008,455000
02/11/2008,431500
02/12/2008,427000
02/13/2008,419000
02/14/2008,423000
02/15/2008,412000
02/18/2008,405000
02/19/2008,421000
02/20/2008,421000
02/21/2008,435000
02/22/2008,430000
02/25/2008,425500
02/26/2008,418000
02/27/2008,414500
02/28/2008,417000
02/29/2008,409500
03/03/2008,410000
03/04/2008,405000
03/05/2008,405500
03/06/2008,410500
03/07/2008,397500
03/10/2008,402000
03/11/2008,410000
03/12/2008,411000
03/13/2008,413500
03/14/2008,407500
03/17/2008,415000
03/18/2008,413000
03/19/2008,429500
03/20/2008,442500
03/21/2008,442500
03/24/2008,437500
03/25/2008,440000
03/26/2008,438000
03/27/2008,440000
03/28/2008,446000
03/31/2008,446000
04/01/2008,450000
04/02/2008,468500
04/03/2008,477000
04/04/2008,463000
04/07/2008,460000
04/08/2008,457500
04/10/2008,478000
04/11/2008,487000
04/14/2008,481000
04/15/2008,471000
04/16/2008,470000
04/17/2008,469000
04/18/2008,469500
04/21/2008,478000
04/22/2008,487000
04/23/2008,478000
04/24/2008,492000
04/25/2008,509000
04/28/2008,520000
04/29/2008,516000
04/30/2008,516000
05/02/2008,528000
05/06/2008,534000
05/07/2008,531000
05/08/2008,520000
05/09/2008,510000
05/13/2008,522000
05/14/2008,519000
05/15/2008,527000
05/16/2008,522000
05/19/2008,510000
05/20/2008,502000
05/21/2008,510000
05/22/2008,511000
05/23/2008,501000
05/26/2008,484000
05/27/2008,494000
05/28/2008,488000
05/29/2008,515000
05/30/2008,526000
06/02/2008,517000
06/03/2008,502000
06/04/2008,504000
06/05/2008,508000
06/09/2008,485000
06/10/2008,463000
06/11/2008,476000
06/12/2008,466000
06/13/2008,471500
06/16/2008,477000
06/17/2008,475000
06/18/2008,479500
06/19/2008,464000
06/20/2008,466000
06/23/2008,456000
06/24/2008,456000
06/25/2008,454000
06/26/2008,465000
06/27/2008,455000
06/30/2008,451000
07/01/2008,456000
07/02/2008,442000
07/03/2008,442000
07/04/2008,424000
07/07/2008,425000
07/08/2008,418000
07/09/2008,407500
07/10/2008,389000
07/11/2008,389000
07/14/2008,385000
07/15/2008,379000
07/16/2008,379000
07/17/2008,393500
07/18/2008,392000
07/21/2008,404000
07/22/2008,400000
07/23/2008,400000
07/24/2008,412000
07/25/2008,384000
07/28/2008,371500
07/29/2008,361000
07/30/2008,365000
07/31/2008,374000
08/01/2008,374000
08/04/2008,381000
08/05/2008,386000
08/06/2008,399000
08/07/2008,392000
08/08/2008,398000
08/11/2008,402000
08/12/2008,411500
08/13/2008,407000
08/14/2008,405000
08/18/2008,406000
08/19/2008,396000
08/20/2008,389500
08/21/2008,380000
08/22/2008,388500
08/25/2008,391000
08/26/2008,380000
08/27/2008,375000
08/28/2008,375000
08/29/2008,365000
09/01/2008,360000
09/02/2008,364000
09/03/2008,370000
09/04/2008,360000
09/05/2008,365500
09/08/2008,385500
09/09/2008,375500
09/10/2008,373000
09/11/2008,382500
09/12/2008,384000
09/16/2008,366000
09/17/2008,373000
09/18/2008,366000
09/19/2008,390000
09/22/2008,385500
09/23/2008,392500
09/24/2008,385000
09/25/2008,384000
09/26/2008,378000
09/29/2008,376500
09/30/2008,371500
10/01/2008,367500
10/02/2008,356000
10/06/2008,330500
10/07/2008,347000
10/08/2008,335000
10/09/2008,331000
10/10/2008,326000
10/13/2008,328000
10/14/2008,345000
10/15/2008,335000
10/16/2008,310000
10/17/2008,297500
10/20/2008,293500
10/21/2008,294500
10/22/2008,290000
10/23/2008,280000
10/24/2008,258000
10/27/2008,265000
10/28/2008,272000
10/29/2008,277000
10/30/2008,318500
10/31/2008,334500
11/03/2008,339500
11/04/2008,338500
11/05/2008,340000
11/06/2008,330000
11/07/2008,339000
11/10/2008,313000
11/11/2008,305000
11/12/2008,305000
11/13/2008,312000
11/14/2008,296500
11/17/2008,288000
11/18/2008,285000
11/19/2008,282500
11/20/2008,278500
11/21/2008,291000
11/24/2008,291000
11/25/2008,294000
11/26/2008,299500
11/27/2008,303000
11/28/2008,333500
12/01/2008,290000
12/02/2008,281000
12/03/2008,272500
12/04/2008,271500
12/05/2008,265000
12/08/2008,279000
12/09/2008,286000
12/10/2008,293500
12/11/2008,280000
12/12/2008,279500
12/15/2008,281000
12/16/2008,262000
12/17/2008,271000
12/18/2008,269000
12/19/2008,284000
12/22/2008,288000
12/23/2008,277000
12/24/2008,276000
12/26/2008,272000
12/29/2008,272000
12/30/2008,258000
01/02/2009,270000
01/05/2009,278000
01/06/2009,290000
01/07/2009,315000
01/08/2009,301000
01/09/2009,298000
01/12/2009,296500
01/13/2009,297000
01/14/2009,291000
01/15/2009,270000
01/16/2009,282000
01/19/2009,279000
01/20/2009,277000
01/21/2009,273500
01/22/2009,271000
01/23/2009,262000
01/28/2009,291000
01/29/2009,295000
01/30/2009,305000
02/02/2009,290000
02/03/2009,302000
02/04/2009,311500
02/05/2009,311000
02/06/2009,319000
02/09/2009,309000
02/10/2009,307500
02/11/2009,303000
02/12/2009,310000
02/13/2009,303000
02/16/2009,303000
02/17/2009,296500
02/18/2009,293000
02/19/2009,293000
02/20/2009,286000
02/23/2009,293500
02/24/2009,282000
02/25/2009,278500
02/26/2009,280000
02/27/2009,274500
03/02/2009,266500
03/03/2009,273000
03/04/2009,279500
03/05/2009,286500
03/06/2009,289000
03/09/2009,295000
03/10/2009,290000
03/11/2009,297000
03/12/2009,293000
03/13/2009,298500
03/16/2009,298000
03/17/2009,300000
03/18/2009,303500
03/19/2009,304500
03/20/2009,304500
03/23/2009,307500
03/24/2009,314000
03/25/2009,314000
03/26/2009,322500
03/27/2009,331000
03/30/2009,321000
03/31/2009,315500
04/01/2009,317000
04/02/2009,327000
04/03/2009,321500
04/06/2009,322000
04/07/2009,318500
04/08/2009,307500
04/09/2009,320000
04/10/2009,327000
04/13/2009,319000
04/14/2009,319000
04/15/2009,324500
04/16/2009,329000
04/17/2009,340000
04/20/2009,342500
04/21/2009,342000
04/22/2009,356500
04/23/2009,363000
04/24/2009,346500
04/27/2009,336000
04/28/2009,328500
04/29/2009,328500
04/30/2009,332000
05/04/2009,341000
05/06/2009,332000
05/07/2009,333000
05/08/2009,340500
05/11/2009,335000
05/12/2009,335000
05/13/2009,340000
05/14/2009,339000
05/15/2009,352000
05/18/2009,362000
05/19/2009,369000
05/20/2009,379000
05/21/2009,383500
05/22/2009,380000
05/25/2009,375000
05/26/2009,357000
05/27/2009,358000
05/28/2009,372000
05/29/2009,368000
06/01/2009,369000
06/02/2009,367000
06/03/2009,363000
06/04/2009,351000
06/05/2009,353000
06/08/2009,357500
06/09/2009,357500
06/10/2009,359500
06/11/2009,363000
06/12/2009,371500
06/15/2009,376000
06/16/2009,372000
06/17/2009,380000
06/18/2009,371000
06/19/2009,378500
06/22/2009,380500
06/23/2009,376000
06/24/2009,376000
06/25/2009,380500
06/26/2009,387500
06/29/2009,388000
06/30/2009,390000
07/01/2009,390000
07/02/2009,392500
07/03/2009,393000
07/06/2009,412000
07/07/2009,412500
07/08/2009,406000
07/09/2009,413000
07/10/2009,414000
07/13/2009,405000
07/14/2009,413500
07/15/2009,432500
07/16/2009,425000
07/17/2009,425000
07/20/2009,435500
07/21/2009,450000
07/22/2009,459500
07/23/2009,462000
07/24/2009,456500
07/27/2009,460000
07/28/2009,454000
07/29/2009,459000
07/30/2009,459500
07/31/2009,464500
08/03/2009,454000
08/04/2009,456000
08/05/2009,449500
08/06/2009,457500
08/07/2009,457000
08/10/2009,455500
08/11/2009,456000
08/12/2009,446500
08/13/2009,446500
08/14/2009,459500
08/17/2009,453000
08/18/2009,464500
08/19/2009,465000
08/20/2009,463000
08/21/2009,468000
08/24/2009,490500
08/25/2009,492000
08/26/2009,480000
08/27/2009,474000
08/28/2009,482000
08/31/2009,491500
09/01/2009,498500
09/02/2009,484000
09/03/2009,472000
09/04/2009,465000
09/07/2009,471500
09/08/2009,468000
09/09/2009,464500
09/10/2009,468000
09/11/2009,487000
09/14/2009,482000
09/15/2009,480000
09/16/2009,488000
09/17/2009,498500
09/18/2009,487500
09/21/2009,483500
09/22/2009,490000
09/23/2009,493000
09/24/2009,496000
09/25/2009,491000
09/28/2009,486000
09/29/2009,495000
09/30/2009,493000
10/01/2009,480000
10/05/2009,480000
10/06/2009,470000
10/07/2009,456500
10/08/2009,458500
10/09/2009,465500
10/12/2009,463000
10/13/2009,464000
10/14/2009,478000
10/15/2009,478000
10/16/2009,468000
10/19/2009,465000
10/20/2009,468000
10/21/2009,471000
10/22/2009,469000
10/23/2009,475000
10/26/2009,477000
10/27/2009,479000
10/28/2009,476000
10/29/2009,476000
10/30/2009,480500
11/02/2009,470000
11/03/2009,459500
11/04/2009,463500
11/05/2009,461000
11/06/2009,462000
11/09/2009,471000
11/10/2009,468500
11/11/2009,468500
11/12/2009,453500
11/13/2009,453500
11/16/2009,456000
11/17/2009,461000
11/18/2009,474000
11/19/2009,478000
11/20/2009,478000
11/23/2009,478500
11/24/2009,474000
11/25/2009,479000
11/26/2009,483000
11/27/2009,454500
11/30/2009,475000
12/01/2009,473000
12/02/2009,477000
12/03/2009,487000
12/04/2009,491500
12/07/2009,497000
12/08/2009,505000
12/09/2009,509000
12/10/2009,515000
12/11/2009,519000
12/14/2009,517000
12/15/2009,522000
12/16/2009,522000
12/17/2009,517000
12/18/2009,503000
12/21/2009,505000
12/22/2009,510000
12/23/2009,514000
12/24/2009,514000
12/28/2009,515000
12/29/2009,515000
12/30/2009,525000
01/04/2010,522000
01/05/2010,530000
01/06/2010,538000
01/07/2010,529000
01/08/2010,526000
01/11/2010,510000
01/12/2010,519000
01/13/2010,508000
01/14/2010,519000
01/15/2010,519000
01/18/2010,520000
01/19/2010,521000
01/20/2010,533000
01/21/2010,540000
01/22/2010,530000
01/25/2010,532000
01/26/2010,520000
01/27/2010,507000
01/28/2010,507000
01/29/2010,513000
02/01/2010,502000
02/02/2010,512000
02/03/2010,514000
02/04/2010,510000
02/05/2010,492000
02/08/2010,498000
02/09/2010,493500
02/10/2010,492500
02/11/2010,504000
02/12/2010,505000
02/16/2010,504000
02/17/2010,508000
02/18/2010,503000
02/19/2010,498000
02/22/2010,505000
02/23/2010,492500
02/24/2010,485500
02/25/2010,473500
02/26/2010,487500
03/02/2010,499500
03/03/2010,496000
03/04/2010,492500
03/05/2010,496000
03/08/2010,499000
03/09/2010,496000
03/10/2010,499000
03/11/2010,497000
03/12/2010,500000
03/15/2010,505000
03/16/2010,508000
03/17/2010,520000
03/18/2010,521000
03/19/2010,524000
03/22/2010,517000
03/23/2010,524000
03/24/2010,530000
03/25/2010,530000
03/26/2010,535000
03/29/2010,540000
03/30/2010,549000
03/31/2010,538000
04/01/2010,554000
04/02/2010,559000
04/05/2010,575000
04/06/2010,578000
04/07/2010,574000
04/08/2010,571000
04/09/2010,558000
04/12/2010,530000
04/13/2010,530000
04/14/2010,543000
04/15/2010,544000
04/16/2010,545000
04/19/2010,532000
04/20/2010,535000
04/21/2010,546000
04/22/2010,534000
04/23/2010,530000
04/26/2010,533000
04/27/2010,529000
04/28/2010,523000
04/29/2010,523000
04/30/2010,527000
05/03/2010,523000
05/04/2010,523000
05/06/2010,514000
05/07/2010,512000
05/10/2010,511000
05/11/2010,500000
05/12/2010,510000
05/13/2010,520000
05/14/2010,520000
05/17/2010,519000
05/18/2010,511000
05/19/2010,511000
05/20/2010,500000
05/24/2010,508000
05/25/2010,494000
05/26/2010,492500
05/27/2010,505000
05/28/2010,512000
05/31/2010,516000
06/01/2010,518000
06/03/2010,528000
06/04/2010,539000
06/07/2010,535000
06/08/2010,528000
06/09/2010,515000
06/10/2010,525000
06/11/2010,552000
06/14/2010,560000
06/15/2010,553000
06/16/2010,558000
06/17/2010,553000
06/18/2010,546000
06/21/2010,550000
06/22/2010,535000
06/23/2010,534000
06/24/2010,539000
06/25/2010,537000
06/28/2010,536000
06/29/2010,532000
06/30/2010,525000
07/01/2010,514000
07/02/2010,529000
07/05/2010,528000
07/06/2010,536000
07/07/2010,513000
07/08/2010,520000
07/09/2010,534000
07/12/2010,536000
07/13/2010,537000
07/14/2010,550000
07/15/2010,551000
07/16/2010,546000
07/19/2010,535000
07/20/2010,540000
07/21/2010,550000
07/22/2010,535000
07/23/2010,544000
07/26/2010,548000
07/27/2010,557000
07/28/2010,561000
07/29/2010,560000
07/30/2010,557000
08/02/2010,563000
08/03/2010,567000
08/04/2010,570000
08/05/2010,559000
08/06/2010,548000
08/09/2010,545000
08/10/2010,544000
08/11/2010,539000
08/12/2010,523000
08/13/2010,540000
08/16/2010,543000
08/17/2010,543000
08/18/2010,548000
08/19/2010,546000
08/20/2010,540000
08/23/2010,542000
08/24/2010,540000
08/25/2010,524000
08/26/2010,524000
08/27/2010,530000
08/30/2010,533000
08/31/2010,533000
09/01/2010,540000
09/02/2010,540000
09/03/2010,543000
09/06/2010,548000
09/07/2010,549000
09/08/2010,544000
09/09/2010,544000
09/10/2010,549000
09/13/2010,547000
09/14/2010,548000
09/15/2010,548000
09/16/2010,549000
09/17/2010,556000
09/20/2010,560000
09/24/2010,559000
09/27/2010,547000
09/28/2010,542000
09/29/2010,550000
09/30/2010,557000
10/01/2010,568000
10/04/2010,580000
10/05/2010,578000
10/06/2010,590000
10/07/2010,580000
10/08/2010,568000
10/11/2010,561000
10/12/2010,547000
10/13/2010,548000
10/14/2010,553000
10/15/2010,560000
10/18/2010,551000
10/19/2010,553000
10/20/2010,557000
10/21/2010,556000
10/22/2010,560000
10/25/2010,559000
10/26/2010,558000
10/27/2010,557000
10/28/2010,562000
10/29/2010,553000
11/01/2010,553000
11/02/2010,556000
11/03/2010,558000
11/04/2010,576000
11/05/2010,588000
11/08/2010,592000
11/09/2010,592000
11/10/2010,600000
11/11/2010,596000
11/12/2010,595000
11/15/2010,598000
11/16/2010,598000
11/17/2010,592000
11/18/2010,594000
11/19/2010,604000
11/22/2010,600000
11/23/2010,600000
11/24/2010,599000
11/25/2010,596000
11/26/2010,597000
11/29/2010,590000
11/30/2010,578000
12/01/2010,581000
12/02/2010,613000
12/03/2010,621000
12/06/2010,621000
12/07/2010,623000
12/08/2010,623000
12/09/2010,632000
12/10/2010,630000
12/13/2010,632000
12/14/2010,634000
12/15/2010,630000
12/16/2010,615000
12/17/2010,626000
12/20/2010,630000
12/21/2010,630000
12/22/2010,634000
12/23/2010,638000
12/24/2010,636000
12/27/2010,636000
12/28/2010,640000
12/29/2010,641000
12/30/2010,649000
01/03/2011,687000
01/04/2011,691000
01/05/2011,679000
01/06/2011,671000
01/07/2011,663000
01/10/2011,663000
01/11/2011,658000
01/12/2011,662000
01/13/2011,653000
01/14/2011,658000
01/17/2011,660000
01/18/2011,673000
01/19/2011,687000
01/20/2011,673000
01/21/2011,663000
01/24/2011,655000
01/25/2011,655000
01/26/2011,663000
01/27/2011,670000
01/28/2011,680000
01/31/2011,665000
02/01/2011,664000
02/07/2011,651000
02/08/2011,634000
02/09/2011,634000
02/10/2011,615000
02/11/2011,604000
02/14/2011,617000
02/15/2011,618000
02/16/2011,617000
02/17/2011,622000
02/18/2011,618000
02/21/2011,611000
02/22/2011,596000
02/23/2011,612000
02/24/2011,612000
02/25/2011,605000
02/28/2011,607000
03/02/2011,609000
03/03/2011,606000
03/04/2011,614000
03/07/2011,609000
03/08/2011,607000
03/09/2011,608000
03/10/2011,593000
03/11/2011,593000
03/14/2011,618000
03/15/2011,599000
03/16/2011,600000
03/17/2011,594000
03/18/2011,595000
03/21/2011,595000
03/22/2011,595000
03/23/2011,595000
03/24/2011,598000
03/25/2011,618000
03/28/2011,616000
03/29/2011,610000
03/30/2011,622000
03/31/2011,625000
04/01/2011,637000
04/04/2011,638000
04/05/2011,634000
04/06/2011,630000
04/07/2011,630000
04/08/2011,622000
04/11/2011,623000
04/12/2011,615000
04/13/2011,627000
04/14/2011,630000
04/15/2011,625000
04/18/2011,612000
04/19/2011,616000
04/20/2011,626000
04/21/2011,626000
04/22/2011,608000
04/25/2011,606000
04/26/2011,612000
04/27/2011,629000
04/28/2011,625000
04/29/2011,630000
05/02/2011,642000
05/03/2011,642000
05/04/2011,635000
05/06/2011,629000
05/09/2011,630000
05/11/2011,629000
05/12/2011,626000
05/13/2011,630000
05/16/2011,618000
05/17/2011,612000
05/18/2011,613000
05/19/2011,600000
05/20/2011,593000
05/23/2011,592000
05/24/2011,580000
05/25/2011,585000
05/26/2011,592000
05/27/2011,595000
05/30/2011,589000
05/31/2011,598000
06/01/2011,599000
06/02/2011,594000
06/03/2011,590000
06/07/2011,586000
06/08/2011,592000
06/09/2011,590000
06/10/2011,596000
06/13/2011,589000
06/14/2011,600000
06/15/2011,599000
06/16/2011,594000
06/17/2011,585000
06/20/2011,560000
06/21/2011,565000
06/22/2011,572000
06/23/2011,573000
06/24/2011,578000
06/27/2011,556000
06/28/2011,554000
06/29/2011,554000
06/30/2011,560000
07/01/2011,575000
07/04/2011,588000
07/05/2011,604000
07/06/2011,605000
07/07/2011,603000
07/08/2011,603000
07/11/2011,606000
07/12/2011,598000
07/13/2011,593000
07/14/2011,570000
07/15/2011,571000
07/18/2011,559000
07/19/2011,559000
07/20/2011,570000
07/21/2011,569000
07/22/2011,571000
07/25/2011,569000
07/26/2011,570000
07/27/2011,563000
07/28/2011,566000
07/29/2011,562000
08/01/2011,579000
08/02/2011,573000
08/03/2011,558000
08/04/2011,553000
08/05/2011,533000
08/08/2011,513000
08/09/2011,479000
08/10/2011,494000
08/11/2011,490000
08/12/2011,488000
08/16/2011,515000
08/17/2011,511000
08/18/2011,502000
08/19/2011,488000
08/22/2011,490000
08/23/2011,499000
08/24/2011,496000
08/25/2011,514000
08/26/2011,518000
08/29/2011,520000
08/30/2011,532000
08/31/2011,543000
09/01/2011,559000
09/02/2011,558000
09/05/2011,535000
09/06/2011,534000
09/07/2011,558000
09/08/2011,560000
09/09/2011,563000
09/14/2011,534000
09/15/2011,549000
09/16/2011,546000
09/19/2011,546000
09/20/2011,559000
09/21/2011,558000
09/22/2011,544000
09/23/2011,513000
09/26/2011,513000
09/27/2011,539000
09/28/2011,569000
09/29/2011,572000
09/30/2011,571000
10/04/2011,578000
10/05/2011,583000
10/06/2011,599000
10/07/2011,598000
10/10/2011,601000
10/11/2011,600000
10/12/2011,603000
10/13/2011,610000
10/14/2011,610000
10/17/2011,605000
10/18/2011,600000
10/19/2011,601000
10/20/2011,601000
10/21/2011,605000
10/24/2011,612000
10/25/2011,611000
10/26/2011,601000
10/27/2011,599000
10/28/2011,625000
10/31/2011,640000
11/01/2011,642000
11/02/2011,631000
11/03/2011,617000
11/04/2011,640000
11/07/2011,636000
11/08/2011,622000
11/09/2011,643000
11/10/2011,622000
11/11/2011,639000
11/14/2011,639000
11/15/2011,620000
11/16/2011,629000
11/17/2011,630000
11/18/2011,605000
11/21/2011,597000
11/22/2011,607000
11/23/2011,579000
11/24/2011,586000
11/25/2011,583000
11/28/2011,602000
11/29/2011,629000
11/30/2011,617000
12/01/2011,637000
12/02/2011,646000
12/05/2011,654000
12/06/2011,644000
12/07/2011,660000
12/08/2011,685000
12/09/2011,672000
12/12/2011,686000
12/13/2011,668000
12/14/2011,647000
12/15/2011,645000
12/16/2011,649000
12/19/2011,628000
12/20/2011,628000
12/21/2011,653000
12/22/2011,655000
12/23/2011,658000
12/26/2011,654000
12/27/2011,656000
12/28/2011,656000
12/29/2011,667000
01/02/2012,673000
01/03/2012,685000
01/04/2012,675000
01/05/2012,669000
01/06/2012,668000
01/09/2012,659000
01/10/2012,664000
01/11/2012,640000
01/12/2012,629000
01/13/2012,638000
01/16/2012,628000
01/17/2012,634000
01/18/2012,647000
01/19/2012,669000
01/20/2012,681000
01/25/2012,680000
01/26/2012,664000
01/27/2012,668000
01/30/2012,660000
01/31/2012,660000
02/01/2012,658000
02/02/2012,660000
02/03/2012,650000
02/06/2012,655000
02/07/2012,663000
02/08/2012,660000
02/09/2012,660000
02/10/2012,644000
02/13/2012,652000
02/14/2012,663000
02/15/2012,682000
02/16/2012,682000
02/17/2012,694000
02/20/2012,695000
02/21/2012,694000
02/22/2012,694000
02/23/2012,672000
02/24/2012,682000
02/27/2012,686000
02/28/2012,692000
02/29/2012,701000
03/02/2012,701000
03/05/2012,690000
03/06/2012,690000
03/07/2012,686000
03/08/2012,691000
03/09/2012,705000
03/12/2012,699000
03/13/2012,727000
03/14/2012,744000
03/15/2012,762000
03/16/2012,773000
03/19/2012,785000
03/20/2012,785000
03/21/2012,771000
03/22/2012,786000
03/23/2012,797000
03/26/2012,791000
03/27/2012,817000
03/28/2012,819000
03/29/2012,800000
03/30/2012,795000
04/02/2012,805000
04/03/2012,820000
04/04/2012,809000
04/05/2012,809000
04/06/2012,806000
04/09/2012,799000
04/10/2012,782000
04/12/2012,783000
04/13/2012,795000
04/16/2012,776000
04/17/2012,746000
04/18/2012,765000
04/19/2012,763000
04/20/2012,750000
04/23/2012,742000
04/24/2012,741000
04/25/2012,767000
04/26/2012,798000
04/27/2012,806000
04/30/2012,809000
05/02/2012,809000
05/03/2012,803000
05/04/2012,776000
05/07/2012,753000
05/08/2012,750000
05/09/2012,762000
05/10/2012,762000
05/11/2012,758000
05/14/2012,762000
05/15/2012,743000
05/16/2012,710000
05/17/2012,718000
05/18/2012,693000
05/21/2012,704000
05/22/2012,734000
05/23/2012,727000
05/24/2012,716000
05/25/2012,710000
05/29/2012,718000
05/30/2012,711000
05/31/2012,711000
06/01/2012,716000
06/04/2012,687000
06/05/2012,678000
06/07/2012,724000
06/08/2012,722000
06/11/2012,740000
06/12/2012,740000
06/13/2012,752000
06/14/2012,752000
06/15/2012,734000
06/18/2012,733000
06/19/2012,741000
06/20/2012,750000
06/21/2012,741000
06/22/2012,712000
06/25/2012,692000
06/26/2012,697000
06/27/2012,709000
06/28/2012,718000
06/29/2012,749000
07/02/2012,735000
07/03/2012,737000
07/04/2012,738000
07/05/2012,737000
07/06/2012,730000
07/09/2012,702000
07/10/2012,703000
07/11/2012,702000
07/12/2012,690000
07/13/2012,710000
07/16/2012,718000
07/17/2012,730000
07/18/2012,727000
07/19/2012,738000
07/20/2012,738000
07/23/2012,734000
07/24/2012,745000
07/25/2012,723000
07/26/2012,729000
07/27/2012,746000
07/30/2012,772000
07/31/2012,809000
08/01/2012,792000
08/02/2012,775000
08/03/2012,756000
08/06/2012,778000
08/07/2012,775000
08/08/2012,787000
08/09/2012,787000
08/10/2012,787000
08/13/2012,778000
08/14/2012,785000
08/16/2012,783000
08/17/2012,751000
08/20/2012,741000
08/21/2012,759000
08/22/2012,760000
08/23/2012,761000
08/24/2012,753000
08/27/2012,699000
08/28/2012,708000
08/29/2012,723000
08/30/2012,708000
08/31/2012,729000
09/03/2012,725000
09/04/2012,736000
09/05/2012,733000
09/06/2012,738000
09/07/2012,767000
09/10/2012,770000
09/11/2012,764000
09/12/2012,777000
09/13/2012,779000
09/14/2012,788000
09/17/2012,777000
09/18/2012,769000
09/19/2012,762000
09/20/2012,748000
09/21/2012,757000
09/24/2012,774000
09/25/2012,771000
09/26/2012,767000
09/27/2012,771000
09/28/2012,789000
10/02/2012,792000
10/04/2012,780000
10/05/2012,783000
10/08/2012,783000
10/09/2012,779000
10/10/2012,763000
10/11/2012,748000
10/12/2012,753000
10/15/2012,760000
10/16/2012,770000
10/17/2012,783000
10/18/2012,787000
10/19/2012,772000
10/22/2012,780000
10/23/2012,788000
10/24/2012,777000
10/25/2012,796000
10/26/2012,783000
10/29/2012,790000
10/30/2012,796000
10/31/2012,792000
11/01/2012,790000
11/02/2012,795000
11/05/2012,790000
11/06/2012,795000
11/07/2012,799000
11/08/2012,797000
11/09/2012,788000
11/12/2012,779000
11/13/2012,783000
11/14/2012,795000
11/15/2012,789000
11/16/2012,785000
11/19/2012,790000
11/20/2012,807000
11/21/2012,817000
11/22/2012,829000
11/23/2012,839000
11/26/2012,828000
11/27/2012,827000
11/28/2012,819000
11/29/2012,832000
11/30/2012,824000
12/03/2012,840000
12/04/2012,845000
12/05/2012,859000
12/06/2012,855000
12/07/2012,854000
12/10/2012,865000
12/11/2012,858000
12/12/2012,861000
12/13/2012,877000
12/14/2012,882000
12/17/2012,857000
12/18/2012,863000
12/20/2012,854000
12/21/2012,840000
12/24/2012,850000
12/26/2012,839000
12/27/2012,842000
12/28/2012,852000
01/02/2013,861000
01/03/2013,860000
01/04/2013,846000
01/07/2013,860000
01/08/2013,860000
01/09/2013,850000
01/10/2013,864000
01/11/2013,863000
01/14/2013,856000
01/15/2013,845000
01/16/2013,848000
01/17/2013,838000
01/18/2013,841000
01/21/2013,848000
01/22/2013,856000
01/23/2013,850000
01/24/2013,842000
01/25/2013,828000
01/28/2013,808000
01/29/2013,817000
01/30/2013,841000
01/31/2013,848000
02/01/2013,852000
02/04/2013,864000
02/05/2013,864000
02/06/2013,867000
02/07/2013,855000
02/08/2013,880000
02/12/2013,884000
02/13/2013,894000
02/14/2013,900000
02/15/2013,908000
02/18/2013,897000
02/19/2013,898000
02/20/2013,918000
02/21/2013,905000
02/22/2013,910000
02/25/2013,894000
02/26/2013,875000
02/27/2013,871000
02/28/2013,880000
03/04/2013,882000
03/05/2013,884000
03/06/2013,894000
03/07/2013,870000
03/08/2013,868000
03/11/2013,877000
03/12/2013,873000
03/13/2013,886000
03/14/2013,884000
03/15/2013,870000
03/18/2013,851000
03/19/2013,868000
03/20/2013,859000
03/21/2013,857000
03/22/2013,855000
03/25/2013,870000
03/26/2013,872000
03/27/2013,869000
03/28/2013,868000
03/29/2013,876000
04/01/2013,872000
04/02/2013,876000
04/03/2013,870000
04/04/2013,871000
04/05/2013,861000
04/08/2013,868000
04/09/2013,883000
04/10/2013,886000
04/11/2013,899000
04/12/2013,889000
04/15/2013,882000
04/16/2013,884000
04/17/2013,890000
04/18/2013,875000
04/19/2013,867000
04/22/2013,870000
04/23/2013,880000
04/24/2013,880000
04/25/2013,877000
04/26/2013,879000
04/29/2013,868000
04/30/2013,871000
05/02/2013,870000
05/03/2013,881000
05/06/2013,895000
05/07/2013,872000
05/08/2013,881000
05/09/2013,890000
05/10/2013,880000
05/13/2013,891000
05/14/2013,913000
05/15/2013,912000
05/16/2013,936000
05/20/2013,976000
05/21/2013,971000
05/22/2013,961000
05/23/2013,946000
05/24/2013,937000
05/27/2013,936000
05/28/2013,937000
05/29/2013,943000
05/30/2013,987000
05/31/2013,990000
06/03/2013,961000
06/04/2013,941000
06/05/2013,950000
06/07/2013,866000
06/10/2013,875000
06/11/2013,850000
06/12/2013,868000
06/13/2013,856000
06/14/2013,857000
06/17/2013,857000
06/18/2013,862000
06/19/2013,857000
06/20/2013,820000
06/21/2013,816000
06/24/2013,822000
06/25/2013,802000
06/26/2013,813000
06/27/2013,875000
06/28/2013,884000
07/01/2013,865000
07/02/2013,854000
07/03/2013,837000
07/04/2013,835000
07/05/2013,815000
07/08/2013,797000
07/09/2013,805000
07/10/2013,804000
07/11/2013,855000
07/12/2013,855000
07/15/2013,855000
07/16/2013,850000
07/17/2013,852000
07/18/2013,825000
07/19/2013,804000
07/22/2013,801000
07/23/2013,817000
07/24/2013,821000
07/25/2013,822000
07/26/2013,810000
07/29/2013,801000
07/30/2013,805000
07/31/2013,817000
08/01/2013,811000
08/02/2013,820000
08/05/2013,817000
08/06/2013,805000
08/07/2013,795000
08/08/2013,798000
08/09/2013,815000
08/12/2013,807000
08/13/2013,849000
08/14/2013,865000
08/16/2013,874000
08/19/2013,864000
08/20/2013,873000
08/21/2013,857000
08/22/2013,851000
08/23/2013,863000
08/26/2013,870000
08/27/2013,871000
08/28/2013,872000
08/29/2013,889000
08/30/2013,919000
09/02/2013,904000
09/03/2013,884000
09/04/2013,887000
09/05/2013,901000
09/06/2013,901000
09/09/2013,893000
09/10/2013,898000
09/11/2013,902000
09/12/2013,908000
09/13/2013,902000
09/16/2013,919000
09/17/2013,892000
09/23/2013,880000
09/24/2013,867000
09/25/2013,877000
09/26/2013,871000
09/27/2013,878000
09/30/2013,876000
10/01/2013,867000
10/02/2013,901000
10/04/2013,906000
10/07/2013,915000
10/08/2013,922000
10/10/2013,930000
10/11/2013,937000
10/14/2013,944000
10/15/2013,973000
10/16/2013,953000
10/17/2013,965000
10/18/2013,970000
10/21/2013,969000
10/22/2013,970000
10/23/2013,967000
10/24/2013,970000
10/25/2013,955000
10/28/2013,978000
10/29/2013,990000
10/30/2013,1029000
10/31/2013,1024000
11/01/2013,1030000
11/04/2013,1039000
11/05/2013,1025000
11/06/2013,1029000
11/07/2013,1037000
11/08/2013,985000
11/11/2013,985000
11/12/2013,1024000
11/13/2013,980000
11/14/2013,992000
11/15/2013,1009000
11/18/2013,1033000
11/19/2013,1037000
11/20/2013,1013000
11/21/2013,999000
11/22/2013,990000
11/25/2013,1008000
11/26/2013,988000
11/27/2013,985000
11/28/2013,998000
11/29/2013,1003000
12/02/2013,1000000
12/03/2013,1015000
12/04/2013,1018000
12/05/2013,1002000
12/06/2013,982000
12/09/2013,988000
12/10/2013,1000000
12/11/2013,1018000
12/12/2013,1043000
12/13/2013,1020000
12/16/2013,1039000
12/17/2013,1050000
12/18/2013,1038000
12/19/2013,1055000
12/20/2013,1055000
12/23/2013,1054000
12/24/2013,1041000
12/26/2013,1037000
12/27/2013,1046000
12/30/2013,1013000
01/02/2014,989000
01/03/2014,968000
01/06/2014,987000
01/07/2014,975000
01/08/2014,975000
01/09/2014,972000
01/10/2014,965000
01/13/2014,960000
01/14/2014,965000
01/15/2014,941000
01/16/2014,939000
01/17/2014,940000
01/20/2014,938000
01/21/2014,950000
01/22/2014,955000
01/23/2014,942000
01/24/2014,970000
01/27/2014,949000
01/28/2014,956000
01/29/2014,955000
02/03/2014,967000
02/04/2014,940000
02/05/2014,940000
02/06/2014,951000
02/07/2014,960000
02/10/2014,945000
02/11/2014,958000
02/12/2014,979000
02/13/2014,971000
02/14/2014,956000
02/17/2014,961000
02/18/2014,970000
02/19/2014,973000
02/20/2014,968000
02/21/2014,1024000
02/24/2014,1020000
02/25/2014,1008000
02/26/2014,1021000
02/27/2014,1034000
02/28/2014,1063000
03/03/2014,1046000
03/04/2014,1036000
03/05/2014,1060000
03/06/2014,1067000
03/07/2014,1069000
03/10/2014,1069000
03/11/2014,1069000
03/12/2014,1060000
03/13/2014,1060000
03/14/2014,1023000
03/17/2014,1006000
03/18/2014,1001000
03/19/2014,991000
03/20/2014,980000
03/21/2014,990000
03/24/2014,997000
03/25/2014,972000
03/26/2014,1000000
03/27/2014,1039000
03/28/2014,1055000
03/31/2014,1057000
04/01/2014,1043000
04/02/2014,1048000
04/03/2014,1083000
04/04/2014,1082000
04/07/2014,1082000
04/08/2014,1071000
04/09/2014,1057000
04/10/2014,1064000
04/11/2014,1065000
04/14/2014,1060000
04/15/2014,1087000
04/16/2014,1094000
04/17/2014,1090000
04/18/2014,1083000
04/21/2014,1081000
04/22/2014,1075000
04/23/2014,1072000
04/24/2014,1092000
04/25/2014,1086000
04/28/2014,1076000
04/29/2014,1056000
04/30/2014,1037000
05/02/2014,1050000
05/07/2014,1031000
05/08/2014,1040000
05/09/2014,1041000
05/12/2014,1083000
05/13/2014,1105000
05/14/2014,1117000
05/15/2014,1117000
05/16/2014,1125000
05/19/2014,1161000
05/20/2014,1165000
05/21/2014,1153000
05/22/2014,1149000
05/23/2014,1112000
05/26/2014,1079000
05/27/2014,1079000
05/28/2014,1095000
05/29/2014,1136000
05/30/2014,1107000
06/02/2014,1118000
06/03/2014,1150000
06/05/2014,1151000
06/09/2014,1100000
06/10/2014,1119000
06/11/2014,1096000
06/12/2014,1079000
06/13/2014,1038000
06/16/2014,1033000
06/17/2014,1034000
06/18/2014,1040000
06/19/2014,1036000
06/20/2014,1039000
06/23/2014,1059000
06/24/2014,1080000
06/25/2014,1071000
06/26/2014,1071000
06/27/2014,1061000
06/30/2014,1060000
07/01/2014,1051000
07/02/2014,1069000
07/03/2014,1043000
07/04/2014,1045000
07/07/2014,1051000
07/08/2014,1046000
07/09/2014,1040000
07/10/2014,1053000
07/11/2014,1054000
07/14/2014,1055000
07/15/2014,1088000
07/16/2014,1085000
07/17/2014,1104000
07/18/2014,1100000
07/21/2014,1098000
07/22/2014,1093000
07/23/2014,1086000
07/24/2014,1095000
07/25/2014,1086000
07/28/2014,1084000
07/29/2014,1110000
07/30/2014,1128000
07/31/2014,1073000
08/01/2014,1030000
08/04/2014,1044000
08/05/2014,1030000
08/06/2014,1027000
08/07/2014,1023000
08/08/2014,990000
08/11/2014,1008000
08/12/2014,993000
08/13/2014,1010000
08/14/2014,1004000
08/18/2014,992000
08/19/2014,990000
08/20/2014,993000
08/21/2014,979000
08/22/2014,996000
08/25/2014,956000
08/26/2014,965000
08/27/2014,972000
08/28/2014,999000
08/29/2014,1020000
09/01/2014,1008000
09/02/2014,984000
09/03/2014,970000
09/04/2014,979000
09/05/2014,964000
09/11/2014,988000
09/12/2014,979000
09/15/2014,965000
09/16/2014,962000
09/17/2014,990000
09/18/2014,980000
09/19/2014,950000
09/22/2014,900000
09/23/2014,895000
09/24/2014,875000
09/25/2014,884000
09/26/2014,897000
09/29/2014,922000
09/30/2014,898000
10/01/2014,896000
10/02/2014,869000
10/06/2014,878000
10/07/2014,890000
10/08/2014,849000
10/10/2014,824000
10/13/2014,822000
10/14/2014,850000
10/15/2014,869000
10/16/2014,855000
10/17/2014,844000
10/20/2014,877000
10/21/2014,867000
10/22/2014,866000
10/23/2014,860000
10/24/2014,872000
10/27/2014,875000
10/28/2014,866000
10/29/2014,914000
10/30/2014,936000
10/31/2014,985000
11/03/2014,991000
11/04/2014,983000
11/05/2014,960000
11/06/2014,957000
11/07/2014,928000
11/10/2014,959000
11/11/2014,958000
11/12/2014,940000
11/13/2014,930000
11/14/2014,924000
11/17/2014,922000
11/18/2014,956000
11/19/2014,962000
11/20/2014,961000
11/21/2014,961000
11/24/2014,973000
11/25/2014,919000
11/26/2014,954000
11/27/2014,1030000
11/28/2014,1049000
12/01/2014,1034000
12/02/2014,1016000
12/03/2014,1044000
12/04/2014,1028000
12/05/2014,1029000
12/08/2014,1030000
12/09/2014,1046000
12/10/2014,1023000
12/11/2014,1001000
12/12/2014,992000
12/15/2014,997000
12/16/2014,981000
12/17/2014,959000
12/18/2014,965000
12/19/2014,1012000
12/22/2014,1040000
12/23/2014,1040000
12/24/2014,1041000
12/26/2014,1043000
12/29/2014,1021000
12/30/2014,1039000
01/02/2015,1016000
01/05/2015,1011000
01/06/2015,1005000
01/07/2015,1001000
01/08/2015,1022000
01/09/2015,1023000
01/12/2015,1025000
01/13/2015,1025000
01/14/2015,1028000
01/15/2015,1028000
01/16/2015,1020000
01/19/2015,1031000
01/20/2015,1038000
01/21/2015,1079000
01/22/2015,1065000
01/23/2015,1073000
01/26/2015,1068000
01/27/2015,1063000
01/28/2015,1057000
01/29/2015,1066000
01/30/2015,1066000
02/02/2015,1060000
02/03/2015,1053000
02/04/2015,1077000
02/05/2015,1061000
02/06/2015,1070000
02/09/2015,1083000
02/10/2015,1071000
02/11/2015,1034000
02/12/2015,1043000
02/13/2015,1051000
02/16/2015,1047000
02/17/2015,1040000
02/23/2015,1042000
02/24/2015,1056000
02/25/2015,1079000
02/26/2015,1068000
02/27/2015,1048000
03/02/2015,1065000
03/03/2015,1092000
03/04/2015,1100000
03/05/2015,1085000
03/06/2015,1103000
03/09/2015,1085000
03/10/2015,1078000
03/11/2015,1103000
03/12/2015,1114000
03/13/2015,1130000
03/16/2015,1118000
03/17/2015,1123000
03/18/2015,1128000
03/19/2015,1117000
03/20/2015,1095000
03/23/2015,1105000
03/24/2015,1105000
03/25/2015,1113000
03/26/2015,1089000
03/27/2015,1083000
03/30/2015,1087000
03/31/2015,1104000
04/01/2015,1088000
04/02/2015,1091000
04/03/2015,1098000
04/06/2015,1134000
04/07/2015,1147000
04/08/2015,1166000
04/09/2015,1149000
04/10/2015,1161000
04/13/2015,1161000
04/14/2015,1150000
04/15/2015,1130000
04/16/2015,1132000
04/17/2015,1148000
04/20/2015,1139000
04/21/2015,1128000
04/22/2015,1131000
04/23/2015,1134000
04/24/2015,1072000
04/27/2015,1057000
04/28/2015,1051000
04/29/2015,1064000
04/30/2015,1090000
05/04/2015,1111000
05/06/2015,1069000
05/07/2015,1050000
05/08/2015,1032000
05/11/2015,1020000
05/12/2015,1022000
05/13/2015,1018000
05/14/2015,1049000
05/15/2015,1037000
05/18/2015,1037000
05/19/2015,1040000
05/20/2015,1061000
05/21/2015,1065000
05/22/2015,1069000
05/26/2015,1096000
05/27/2015,1047000
05/28/2015,1064000
05/29/2015,1079000
06/01/2015,1060000
06/02/2015,1033000
06/03/2015,1030000
06/04/2015,1060000
06/05/2015,1051000
06/08/2015,1018000
06/09/2015,987000
06/10/2015,985000
06/11/2015,975000
06/12/2015,998000
06/15/2015,996000
06/16/2015,995000
06/17/2015,1020000
06/18/2015,1001000
06/19/2015,990000
06/22/2015,990000
06/23/2015,1009000
06/24/2015,1019000
06/25/2015,985000
06/26/2015,987000
06/29/2015,988000
06/30/2015,993000
07/01/2015,996000
07/02/2015,1001000
07/03/2015,978000
07/06/2015,953000
07/07/2015,954000
07/08/2015,940000
07/09/2015,955000
07/10/2015,940000
07/13/2015,947000
07/14/2015,919000
07/15/2015,927000
07/16/2015,950000
07/17/2015,968000
07/20/2015,964000
07/21/2015,965000
07/22/2015,968000
07/23/2015,956000
07/24/2015,949000
07/27/2015,955000
07/28/2015,940000
07/29/2015,965000
07/30/2015,926000
07/31/2015,920000
08/03/2015,908000
08/04/2015,920000
08/05/2015,896000
08/06/2015,877000
08/07/2015,880000
08/10/2015,892000
08/11/2015,892000
08/12/2015,898000
08/13/2015,893000
08/17/2015,860000
08/18/2015,878000
08/19/2015,903000
08/20/2015,900000
08/21/2015,888000
08/24/2015,841000
08/25/2015,844000
08/26/2015,821000
08/27/2015,841000
08/28/2015,851000
08/31/2015,870000
09/01/2015,861000
09/02/2015,870000
09/03/2015,906000
09/04/2015,905000
09/07/2015,906000
09/08/2015,922000
09/09/2015,929000
09/10/2015,905000
09/11/2015,913000
09/14/2015,917000
09/15/2015,913000
09/16/2015,935000
09/17/2015,940000
09/18/2015,934000
09/21/2015,915000
09/22/2015,929000
09/23/2015,912000
09/24/2015,900000
09/25/2015,887000
09/30/2015,917000
10/01/2015,917000
10/02/2015,902000
10/05/2015,894000
10/06/2015,918000
10/07/2015,987000
10/08/2015,988000
10/12/2015,983000
10/13/2015,985000
10/14/2015,994000
10/15/2015,1016000
10/16/2015,1000000
10/19/2015,1003000
10/20/2015,1000000
10/21/2015,998000
10/22/2015,998000
10/23/2015,1010000
10/26/2015,1010000
10/27/2015,999000
10/28/2015,1022000
10/29/2015,1078000
10/30/2015,1195000
11/02/2015,1178000
11/03/2015,1151000
11/04/2015,1140000
11/05/2015,1146000
11/06/2015,1145000
11/09/2015,1139000
11/10/2015,1121000
11/11/2015,1140000
11/12/2015,1140000
11/13/2015,1126000
11/16/2015,1106000
11/17/2015,1129000
11/18/2015,1130000
11/19/2015,1150000
11/20/2015,1133000
11/23/2015,1133000
11/24/2015,1137000
11/25/2015,1126000
11/26/2015,1141000
11/27/2015,1141000
11/30/2015,1096000
12/01/2015,1137000
12/02/2015,1123000
12/03/2015,1107000
12/04/2015,1111000
12/07/2015,1092000
12/08/2015,1086000
12/09/2015,1082000
12/10/2015,1091000
12/11/2015,1082000
12/14/2015,1062000
12/15/2015,1067000
12/16/2015,1084000
12/17/2015,1089000
12/18/2015,1075000
12/21/2015,1080000
12/22/2015,1085000
12/23/2015,1090000
12/24/2015,1095000
12/28/2015,1075000
12/29/2015,1073000
12/30/2015,1091000
01/04/2016,1036000
01/05/2016,1042000
01/06/2016,1032000
01/07/2016,1006000
01/08/2016,1014000
01/11/2016,1000000
01/12/2016,956000
01/13/2016,966000
01/14/2016,951000
01/15/2016,947000
01/18/2016,955000
01/19/2016,997000
01/20/2016,968000
01/21/2016,957000
01/22/2016,967000
01/25/2016,975000
01/26/2016,961000
01/27/2016,985000
01/28/2016,972000
01/29/2016,999000
02/01/2016,1007000
02/02/2016,980000
02/03/2016,976000
02/04/2016,977000
02/05/2016,983000
02/11/2016,941000
02/12/2016,946000
02/15/2016,970000
02/16/2016,970000
02/17/2016,1000000
02/18/2016,994000
02/19/2016,987000
02/22/2016,990000
02/23/2016,992000
02/24/2016,974000
02/25/2016,989000
02/26/2016,972000
02/29/2016,986000
03/02/2016,1001000
03/03/2016,1035000
03/04/2016,1027000
03/07/2016,1033000
03/08/2016,1017000
03/09/2016,993000
03/10/2016,1026000
03/11/2016,1045000
03/14/2016,1053000
03/15/2016,1042000
03/16/2016,1058000
03/17/2016,1059000
03/18/2016,1063000
03/21/2016,1072000
03/22/2016,1075000
03/23/2016,1076000
03/24/2016,1076000
03/25/2016,1068000
03/28/2016,1085000
03/29/2016,1098000
03/30/2016,1119000
03/31/2016,1107000
04/01/2016,1079000
04/04/2016,1090000
04/05/2016,1048000
04/06/2016,1060000
04/07/2016,1038000
04/08/2016,1042000
04/11/2016,1050000
04/12/2016,1060000
04/14/2016,1055000
04/15/2016,1074000
04/18/2016,1089000
04/19/2016,1061000
04/20/2016,1067000
04/21/2016,1067000
04/22/2016,1074000
04/25/2016,1072000
04/26/2016,1081000
04/27/2016,1074000
04/28/2016,1043000
04/29/2016,1043000
05/02/2016,1026000
05/03/2016,1036000
05/04/2016,1053000
05/09/2016,1087000
05/10/2016,1082000
05/11/2016,1081000
05/12/2016,1060000
05/13/2016,1033000
05/16/2016,1026000
05/17/2016,1032000
05/18/2016,1022000
05/19/2016,1032000
05/20/2016,1032000
05/23/2016,1037000
05/24/2016,1041000
05/25/2016,1071000
05/26/2016,1071000
05/27/2016,1059000
05/30/2016,1047000
05/31/2016,1062000
06/01/2016,1109000
06/02/2016,1134000
06/03/2016,1130000
06/07/2016,1144000
06/08/2016,1150000
06/09/2016,1154000
06/10/2016,1160000
06/13/2016,1113000
06/14/2016,1130000
06/15/2016,1146000
06/16/2016,1140000
06/17/2016,1145000
06/20/2016,1147000
06/21/2016,1165000
06/22/2016,1173000
06/23/2016,1154000
06/24/2016,1138000
06/27/2016,1134000
06/28/2016,1127000
06/29/2016,1130000
06/30/2016,1183000
07/01/2016,1214000
07/04/2016,1227000
07/05/2016,1228000
07/06/2016,1180000
07/07/2016,1199000
07/08/2016,1198000
07/11/2016,1216000
07/12/2016,1190000
07/13/2016,1196000
07/14/2016,1213000
07/15/2016,1227000
07/18/2016,1233000
07/19/2016,1226000
07/20/2016,1242000
07/21/2016,1240000
07/22/2016,1225000
07/25/2016,1211000
07/26/2016,1232000
07/27/2016,1221000
07/28/2016,1232000
07/29/2016,1265000
08/01/2016,1285000
08/02/2016,1267000
08/03/2016,1252000
08/04/2016,1273000
08/05/2016,1297000
08/08/2016,1292000
08/09/2016,1287000
08/10/2016,1275000
08/11/2016,1281000
08/12/2016,1292000
08/16/2016,1309000
08/17/2016,1304000
08/18/2016,1354000
08/19/2016,1385000
08/22/2016,1395000
08/23/2016,1400000
08/24/2016,1365000
08/25/2016,1343000
08/26/2016,1324000
08/29/2016,1339000
08/30/2016,1356000
08/31/2016,1324000
09/01/2016,1293000
09/02/2016,1309000
09/05/2016,1307000
09/06/2016,1347000
09/07/2016,1321000
09/08/2016,1336000
09/09/2016,1272000
09/12/2016,1178000
09/13/2016,1257000
09/19/2016,1288000
09/20/2016,1322000
09/21/2016,1323000
09/22/2016,1355000
09/23/2016,1282000
09/26/2016,1267000
09/27/2016,1266000
09/28/2016,1255000
09/29/2016,1292000
09/30/2016,1290000
10/04/2016,1312000
10/05/2016,1327000
10/06/2016,1379000
10/07/2016,1368000
10/10/2016,1338000
10/11/2016,1251000
10/12/2016,1261000
10/13/2016,1262000
10/14/2016,1263000
10/17/2016,1273000
10/18/2016,1281000
10/19/2016,1304000
10/20/2016,1311000
10/21/2016,1302000
10/24/2016,1320000
10/25/2016,1312000
10/26/2016,1296000
10/27/2016,1295000
10/28/2016,1308000
10/31/2016,1317000
11/01/2016,1327000
11/02/2016,1311000
11/03/2016,1285000
11/04/2016,1291000
11/07/2016,1295000
11/08/2016,1294000
11/09/2016,1260000
11/10/2016,1294000
11/11/2016,1251000
11/14/2016,1216000
11/15/2016,1209000
11/16/2016,1226000
11/17/2016,1236000
11/18/2016,1247000
11/21/2016,1243000
11/22/2016,1278000
11/23/2016,1301000
11/24/2016,1306000
11/25/2016,1290000
11/28/2016,1308000
11/29/2016,1292000
11/30/2016,1356000
12/01/2016,1361000
12/02/2016,1361000
12/05/2016,1382000
12/06/2016,1414000
12/07/2016,1419000
12/08/2016,1398000
12/09/2016,1401000
12/12/2016,1355000
12/13/2016,1361000
12/14/2016,1377000
12/15/2016,1372000
12/16/2016,1420000
12/19/2016,1430000
12/20/2016,1438000
12/21/2016,1432000
12/22/2016,1418000
12/23/2016,1396000
12/26/2016,1409000
12/27/2016,1428000
12/28/2016,1424000
12/29/2016,1433000
